{
  "macro_accuracy": 0.919573999265516,
  "macro_roc_auc": 0.9255953701282535,
  "accuracy": [
    0.9408740359897172,
    0.9408740359897172,
    0.9665809768637532,
    0.9974293059125964,
    0.9768637532133676,
    0.8508997429305912,
    0.7634961439588689
  ],
  "precision": [
    0.875,
    0.9090909090909091,
    0.972972972972973,
    1,
    0.3333333333333333,
    0.6346153846153846,
    0.7475728155339806
  ],
  "recall": [
    0.2413793103448276,
    0.4878048780487805,
    0.8674698795180723,
    0.9230769230769231,
    0.125,
    0.4583333333333333,
    0.5384615384615384
  ],
  "f1_score": [
    0.3783783783783784,
    0.6349206349206349,
    0.9171974522292994,
    0.96,
    0.18181818181818182,
    0.532258064516129,
    0.6260162601626016
  ],
  "roc_auc": [
    0.9292624521072796,
    0.9499929913092234,
    0.9957870698480196,
    0.9542757774140753,
    0.9525918635170603,
    0.8730064844023834,
    0.8242509522997328
  ],
  "roc": [
    [
      [
        0,
        0,
        0,
        0.002777777777777778,
        0.002777777777777778,
        0.008333333333333333,
        0.011111111111111112,
        0.011111111111111112,
        0.016666666666666666,
        0.016666666666666666,
        0.022222222222222223,
        0.022222222222222223,
        0.027777777777777776,
        0.03333333333333333,
        0.03888888888888889,
        0.05277777777777778,
        0.05277777777777778,
        0.06111111111111111,
        0.06388888888888888,
        0.06944444444444445,
        0.07777777777777778,
        0.08888888888888889,
        0.10555555555555556,
        0.11666666666666667,
        0.125,
        0.13055555555555556,
        0.1361111111111111,
        0.14722222222222223,
        0.16111111111111112,
        0.20555555555555555,
        0.225,
        0.24166666666666667,
        0.2638888888888889,
        0.2833333333333333,
        0.3,
        0.325,
        0.3638888888888889,
        0.3972222222222222,
        0.4444444444444444,
        0.48055555555555557,
        0.5277777777777778,
        0.6027777777777777,
        0.6833333333333333,
        1
      ],
      [
        0,
        0.06896551724137931,
        0.10344827586206896,
        0.10344827586206896,
        0.2413793103448276,
        0.3103448275862069,
        0.3103448275862069,
        0.3793103448275862,
        0.3793103448275862,
        0.4482758620689655,
        0.4482758620689655,
        0.4827586206896552,
        0.5172413793103449,
        0.5172413793103449,
        0.5172413793103449,
        0.5172413793103449,
        0.5517241379310345,
        0.6206896551724138,
        0.6206896551724138,
        0.6896551724137931,
        0.6896551724137931,
        0.7241379310344828,
        0.7931034482758621,
        0.7931034482758621,
        0.7931034482758621,
        0.8275862068965517,
        0.8275862068965517,
        0.9310344827586207,
        0.9310344827586207,
        0.9310344827586207,
        0.9310344827586207,
        0.9310344827586207,
        0.9310344827586207,
        0.9310344827586207,
        0.9655172413793104,
        0.9655172413793104,
        0.9655172413793104,
        0.9655172413793104,
        0.9655172413793104,
        0.9655172413793104,
        1,
        1,
        1,
        1
      ]
    ],
    [
      [
        0,
        0,
        0,
        0,
        0,
        0.0028735632183908046,
        0.0028735632183908046,
        0.0028735632183908046,
        0.005747126436781609,
        0.005747126436781609,
        0.005747126436781609,
        0.005747126436781609,
        0.005747126436781609,
        0.005747126436781609,
        0.008620689655172414,
        0.014367816091954023,
        0.014367816091954023,
        0.017241379310344827,
        0.017241379310344827,
        0.020114942528735632,
        0.020114942528735632,
        0.022988505747126436,
        0.022988505747126436,
        0.02586206896551724,
        0.04885057471264368,
        0.05747126436781609,
        0.06896551724137931,
        0.08045977011494253,
        0.10057471264367816,
        0.12643678160919541,
        0.15517241379310345,
        0.19540229885057472,
        0.2614942528735632,
        0.3333333333333333,
        0.40229885057471265,
        0.5718390804597702,
        0.7011494252873564,
        0.7959770114942529,
        0.9224137931034483,
        0.9626436781609196,
        1
      ],
      [
        0,
        0.024390243902439025,
        0.04878048780487805,
        0.12195121951219512,
        0.14634146341463414,
        0.14634146341463414,
        0.24390243902439024,
        0.2682926829268293,
        0.3170731707317073,
        0.3902439024390244,
        0.4146341463414634,
        0.4634146341463415,
        0.4878048780487805,
        0.5365853658536586,
        0.5853658536585366,
        0.6097560975609756,
        0.6341463414634146,
        0.6585365853658537,
        0.6829268292682927,
        0.7560975609756098,
        0.8048780487804879,
        0.8292682926829268,
        0.8536585365853658,
        0.8780487804878049,
        0.8780487804878049,
        0.8780487804878049,
        0.9024390243902439,
        0.9024390243902439,
        0.9024390243902439,
        0.926829268292683,
        0.926829268292683,
        0.9512195121951219,
        0.9512195121951219,
        0.9512195121951219,
        0.9512195121951219,
        0.9512195121951219,
        0.975609756097561,
        1,
        1,
        1,
        1
      ]
    ],
    [
      [
        0,
        0,
        0,
        0,
        0,
        0,
        0,
        0,
        0,
        0,
        0,
        0,
        0,
        0,
        0,
        0,
        0,
        0,
        0,
        0,
        0,
        0,
        0.0032679738562091504,
        0.0032679738562091504,
        0.006535947712418301,
        0.006535947712418301,
        0.006535947712418301,
        0.016339869281045753,
        0.016339869281045753,
        0.026143790849673203,
        0.032679738562091505,
        0.032679738562091505,
        0.03594771241830065,
        0.03594771241830065,
        0.0392156862745098,
        0.049019607843137254,
        0.05555555555555555,
        0.058823529411764705,
        0.06535947712418301,
        0.0784313725490196,
        0.08496732026143791,
        0.09803921568627451,
        0.1111111111111111,
        0.11437908496732026,
        0.12418300653594772,
        0.13071895424836602,
        0.1503267973856209,
        0.17973856209150327,
        0.21568627450980393,
        0.28104575163398693,
        0.3202614379084967,
        0.477124183006536,
        1
      ],
      [
        0,
        0.012048192771084338,
        0.0963855421686747,
        0.12048192771084337,
        0.1566265060240964,
        0.20481927710843373,
        0.26506024096385544,
        0.3132530120481928,
        0.3614457831325301,
        0.39759036144578314,
        0.4457831325301205,
        0.4819277108433735,
        0.4939759036144578,
        0.5301204819277109,
        0.5662650602409639,
        0.5903614457831325,
        0.6265060240963856,
        0.6506024096385542,
        0.6746987951807228,
        0.6867469879518072,
        0.7590361445783133,
        0.7831325301204819,
        0.7831325301204819,
        0.8554216867469879,
        0.8674698795180723,
        0.891566265060241,
        0.9156626506024096,
        0.9156626506024096,
        0.927710843373494,
        0.927710843373494,
        0.927710843373494,
        0.9397590361445783,
        0.9397590361445783,
        0.9518072289156626,
        0.9518072289156626,
        0.9879518072289156,
        0.9879518072289156,
        0.9879518072289156,
        0.9879518072289156,
        0.9879518072289156,
        1,
        1,
        1,
        1,
        1,
        1,
        1,
        1,
        1,
        1,
        1,
        1,
        1
      ]
    ],
    [
      [
        0,
        0,
        0,
        0,
